"","x"
"1","P282P13M.OK"
"2","ENT.P282P13M"
"3","P329P07P.OK"
"4","P282P13P.OK"
"5","P263P05P.OK"
"6","ENT.P329P01M"
"7","P329P01P.OK"
"8","P329P00M.OK"
"9","P329P01M.OK"
"10","P329P00P.OK"
"11","ENT.P329P10M"
"12","P329P10P.OK"
"13","ENT.P399P11M"
"14","P329P10M.OK"
"15","P399P11P.OK"
"16","P399P11M.OK"
"17","P399P09M.OK"
"18","P399P09P.OK"
"19","ENT.P399P00M"
"20","P399P00P.OK"
"21","P399P18M.OK"
"22","ENT.P282P09M"
"23","P282P09M.OK"
"24","P399P00M.OK"
"25","P282P09P.OK"
"26","P263MP02M.OK"
"27","P329P07M.OK"
"28","P263P05M.OK"
"29","P263P00M.OK"
"30","P263P09M.OK"
"31","P263P09P.OK"
"32","P317P20P.OK"
"33","P317P20M.OK"
"34","P263P00M.ENT"
"35","P317P00M.OK"
"36","P317P22M.OK"
"37","P148P17P.OK"
"38","ENT.P148P17M"
"39","P148P10M.OK"
"40","P148P17M.OK"
"41","P148P18M.OK"
"42","P148P18P.OK"
"43","ENT.P148P18M"
"44","P148P13M.OK"
"45","P215P35M.ENT"
"46","P215P35M.OK"
"47","P215P35P.OK"
"48","ENT.P148P10M"
"49","P215P30M.OK"
"50","P215P01P.OK"
"51","P215P01M.OK"
"52","P282P38.OK"
"53","P282P19M.OK"
"54","P282P19P.OK"
"55","P333P04M.OK"
"56","ENT.P333P08M"
"57","P333P08M.OK"
"58","P333P08P.OK"
"59","P335P01M.ENT"
"60","P335P01M.OK"
"61","P335P01P.OK"
"62","P333P03M.OK"
"63","P335P02P.OK"
"64","P335P02M.OK"
"65","ENT.P335P02M"
"66","P335P02M.PEQ.OK"
"67","P335P02P.PEQ.OK"
"68","P359P20M..OK"
"69","P335P20M.OK"
"70","P359P04M.OK"
"71","P359P04M.ENT"
"72","P333P02P.OK"
"73","P333P02M.OK"
"74","P266P28M.OK"
"75","P359P20P.OK"
"76","P266P28M.ENT"
"77","P266P28P.OK"
"78","P266P22M.OK"
"79","P266P22P.OK"
"80","P215P04P.OK"
"81","P359P13M.OK"
"82","P215P04M.OK"
"83","P359P13P.OK"
"84","P359P02M.OK"
"85","P266P12M.OK"
"86","P220P19M.OK"
"87","ENT.P266P22M"
"88","P215P30P.OK"
"89","P148P10P.OK"
"90","P148P13P.OK"
"91","ENT.P148P13M"
"92","P266P12P.OK"
"93","P317P00P.OK"
"94","P220P00M.OK"
"95","P291P01M.OK"
"96","P291P11M.OK"
"97","P317P24M.OK"
"98","P291P24M.OK"
"99","ENT.P291P24M"
"100","P291Pnew.OK"
"101","ENT.P291PnewM"
"102","P291PnewP..OK"
"103","P220P08M.OK"
"104","P317P24P"
"105","P220P08M.ENT"
"106","P220P07M.OK"
"107","P220P08P.OK"
"108","P220P07P.OK"
"109","P266P01P.OK"
"110","P317P22P.OK"
"111","P291P11M.ENT"
"112","P291P24P.OK"
"113","P291P11P.OK"
"114","P266P01M.OK"
"115","P220P00P.OK"
"116","P399P18P.OK"
"117","P399P18midpoint"
"118","P399P09midpoint"
"119","P329P00midpoint"
"120","P282P07midpoint"
"121","P282P19midpoint"
"122","P282P38P.OK"
"123","P282P38midpoint"
"124","P215P30midpoint"
"125","P215P01midpoint"
"126","P215P04midpoint"
"127","P220P19P.OK"
"128","P220P19midpoint"
"129","P220P07midpoint"
"130","P220P00midpoint"
"131","P266P12midpoint"
"132","P266P01midpoint"
"133","P291P01P.OK"
"134","P291P01midpoint"
"135","P263P02P.OK"
"136","P263P02midpoint"
"137","P263P00P.OK"
"138","P263P09midpoint"
"139","P263P05midpoint"
"140","P333P04P.OK"
"141","P333P04midpoint"
"142","P333P03P.OK"
"143","P333P03midpoint"
"144","P333P02midpoint"
"145","P335P02PEQmidpoint"
"146","P335P20P.OK"
"147","P335P20midpoint"
"148","P359P20midpoint"
"149","P359P02P.OK"
"150","P359P02midpoint"
"151","P359P04P.OK"
"152","P359P13midpoint"
"153","P317P24midpoint"
"154","P317P00midpoint"
"155","P317P20midpoint"
"156","P317P22midpoint"
